AA,Codon,Selection
A,GCA,0.001821482
A,GCC,0.000762363
A,GCG,0.001821482
C,TGC,-0.002133601
D,GAC,-0.000624136
E,GAA,-0.006621897
F,TTC,-0.001095564
G,GGA,0.003811525
G,GGC,-0.000588637
G,GGG,0.006465598
H,CAC,-0.001152851
I,ATA,0.006748939
I,ATC,0.000690859
K,AAA,0.002073639
L,CTA,0.001474219
L,CTC,0.01470883
L,CTG,0.001474219
L,CTT,0.024823677
L,TTA,0.000990504
N,AAC,-0.001011487
P,CCA,-0.006378273
P,CCC,0.004446138
P,CCG,-0.006378273
Q,CAA,-0.014238335
R,AGA,-0.00448027
R,AGG,0.008588041
R,CGA,0.003317695
R,CGC,0.003317695
R,CGG,0.010077306
S,TCA,0.002315677
S,TCC,0.00061942
S,TCG,0.014894656
T,ACA,0.002554273
T,ACC,0.000794566
T,ACG,0.014574267
V,GTA,0.006685193
V,GTC,0.000720072
V,GTG,0.00740805
Y,TAC,-0.000932325
Z,AGC,-0.002548342
